<?xml version="1.0" encoding="utf-8" ?>
<events>
  <!--exportPath>\\Webqa2\otcms11.2uat$\trumba</exportPath-->
  <exportPath>C:\Temp\Test</exportPath>
  <event>
    <url>http://umbraco_cms.vancouver.ca/rss</url>
    <exportfilename>vct.ical</exportfilename>
    <format>rss</format>
    <type>Arts/film/exhibit</type>
    <comtype>Community/festival</comtype>

  </event>
  <event>
    <url>http://westendbia.com/feed/?post_type=jim-deva-events</url>
    <exportfilename>jim-deva.ical</exportfilename>
    <format>rss</format>
    <type>Arts/film/exhibit</type>
    <comtype>Community/festival</comtype>
  </event>
</events>
